{"cameraMode":{"drawMode":0,"name":"Shaded","section":"Shading Mode"},"sceneLighting":true,"audioPlay":false,"sceneViewState":{"showFog":true,"showMaterialUpdate":false,"showSkybox":true,"showFlares":true,"showImageEffects":true,"showParticleSystems":true},"in2DMode":false,"pivot":{"x":-7.691225051879883,"y":0.3463747501373291,"z":-109.57170104980469},"rotation":{"x":0.023869125172495843,"y":-0.18899011611938477,"z":0.004593935329467058,"w":0.9816803932189941},"size":23.241436004638673,"orthographic":false}