{"cameraMode":{"drawMode":0,"name":"Shaded","section":"Shading Mode"},"sceneLighting":false,"audioPlay":false,"sceneViewState":{"showFog":true,"showMaterialUpdate":false,"showSkybox":false,"showFlares":true,"showImageEffects":true,"showParticleSystems":true},"in2DMode":false,"pivot":{"x":0.0,"y":6.752330780029297,"z":-11.569999694824219},"rotation":{"x":-0.005222300533205271,"y":-0.9856972694396973,"z":0.16565166413784028,"w":-0.031049316748976709},"size":0.7733697891235352,"orthographic":false}