{"cameraMode":{"drawMode":0,"name":"Shaded","section":"Shading Mode"},"sceneLighting":false,"audioPlay":false,"sceneViewState":{"showFog":true,"showMaterialUpdate":false,"showSkybox":false,"showFlares":true,"showImageEffects":true,"showParticleSystems":true},"in2DMode":false,"pivot":{"x":0.02758967876434326,"y":0.8256373405456543,"z":0.04214105010032654},"rotation":{"x":0.17034335434436799,"y":-0.36877724528312685,"z":0.06895196437835694,"w":0.9112259149551392},"size":1.3800572156906129,"orthographic":false}