{"cameraMode":{"drawMode":0,"name":"Shaded","section":"Shading Mode"},"sceneLighting":false,"audioPlay":false,"sceneViewState":{"showFog":true,"showMaterialUpdate":false,"showSkybox":false,"showFlares":true,"showImageEffects":true,"showParticleSystems":true},"in2DMode":false,"pivot":{"x":-6.199999809265137,"y":0.8500000238418579,"z":-2.5999999046325685},"rotation":{"x":-0.017450133338570596,"y":-0.9797065854072571,"z":0.17403852939605714,"w":-0.09819286316633225},"size":1.0373523235321046,"orthographic":false}