{"cameraMode":{"drawMode":0,"name":"Shaded","section":"Shading Mode"},"sceneLighting":false,"audioPlay":false,"sceneViewState":{"showFog":true,"showMaterialUpdate":false,"showSkybox":false,"showFlares":true,"showImageEffects":true,"showParticleSystems":true},"in2DMode":false,"pivot":{"x":0.022991418838500978,"y":0.6621848344802856,"z":0.43511754274368288},"rotation":{"x":-0.0022823552135378124,"y":0.9973684549331665,"z":0.06291734427213669,"w":0.03621749207377434},"size":1.1313765048980713,"orthographic":false}