{"cameraMode":{"drawMode":0,"name":"Shaded","section":"Shading Mode"},"sceneLighting":false,"audioPlay":false,"sceneViewState":{"showFog":true,"showMaterialUpdate":false,"showSkybox":false,"showFlares":true,"showImageEffects":true,"showParticleSystems":true},"in2DMode":false,"pivot":{"x":-18.198596954345704,"y":0.17687396705150605,"z":-30.55080223083496},"rotation":{"x":0.008276617154479027,"y":-0.9916881322860718,"z":0.08649522066116333,"w":0.09489325433969498},"size":0.46406570076942446,"orthographic":true}