{"cameraMode":{"drawMode":0,"name":"Shaded","section":"Shading Mode"},"sceneLighting":false,"audioPlay":false,"sceneViewState":{"showFog":true,"showMaterialUpdate":false,"showSkybox":false,"showFlares":true,"showImageEffects":true,"showParticleSystems":true},"in2DMode":false,"pivot":{"x":-2.967008590698242,"y":0.7321850061416626,"z":-181.32489013671876},"rotation":{"x":0.028022076934576036,"y":-0.9429852366447449,"z":0.08220352977514267,"w":0.32136744260787966},"size":10.0,"orthographic":false}